{"cameraMode":{"drawMode":0,"name":"Shaded","section":"Shading Mode"},"sceneLighting":true,"audioPlay":false,"sceneViewState":{"showFog":true,"showMaterialUpdate":false,"showSkybox":true,"showFlares":true,"showImageEffects":true,"showParticleSystems":true},"in2DMode":false,"pivot":{"x":760.7056274414063,"y":960.0,"z":-1.6411999464035035},"rotation":{"x":-0.15980024635791779,"y":-0.011845497414469719,"z":-0.0019177037756890059,"w":0.987076461315155},"size":1210.533935546875,"orthographic":true}